Submission id,Participant id,Status,Custom study tncs accepted at,Started at,Completed at,Reviewed at,Archived at,Time taken,Completion code,Total approvals,Fluent languages,Highest education level completed,Age,Sex,Ethnicity simplified,Country of birth,Country of residence,Nationality,Language,Student status,Employment status,What is the highest level of education you have completed?,"Would you describe yourself as proficient or better in English (able to read, write, and communicate effectively)?",Have you ever participated in medical training or shadowing in a hospital?,Have you completed any advanced (college graduate-level) biology courses?,This study has two phases and will last approximately one month. Please indicate whether you agree to participate for the full duration of the study.
698f71d6c62e3a5aad11a738,66e99d20cc408a0176e37b3a,AWAITING REVIEW,Not Applicable,2026-02-13T18:47:53.987000Z,2026-02-13T18:48:19.832000Z,,2026-02-13T18:48:20.412135Z,26,NOCODE,3545,English,No formal qualifications,37,Male,White,United States,United States,United States,English,No,Other,Less than High School,Yes,No,No,Yes
698f73542b8343c269dfd004,606cf604adbb6982bb382881,AWAITING REVIEW,Not Applicable,2026-02-13T18:54:15.422000Z,2026-02-13T18:55:03.948000Z,,2026-02-13T18:55:04.507474Z,49,NOCODE,10290,English,No formal qualifications,40,Male,White,United States,United States,United States,English,No,Full-Time,Less than High School,Yes,No,No,Yes
698f7dcb2bbf63c719dfe78a,64345edc0fd9813bdd9ef181,AWAITING REVIEW,Not Applicable,2026-02-13T19:38:53.967000Z,2026-02-13T19:39:33.014000Z,,2026-02-13T19:39:33.575424Z,40,NOCODE,7250,English,No formal qualifications,59,Female,White,United States,United States,United States,English,No,"Not in paid work (e.g. homemaker', 'retired or disabled)",Less than High School,Yes,No,No,Yes
698f837a2ae3974bb82f0b43,66757cddd8d92a5cbfda353f,AWAITING REVIEW,Not Applicable,2026-02-13T20:03:08.378000Z,2026-02-13T20:03:45.408000Z,,2026-02-13T20:03:46.060501Z,38,NOCODE,2722,English,No formal qualifications,35,Female,White,United States,United States,United States,English,No,Part-Time,Less than High School,Yes,No,No,Yes
698f95fe7c9bef17c0bd0a03,628550405e40bb2b23ac629f,AWAITING REVIEW,Not Applicable,2026-02-13T21:22:08.603000Z,2026-02-13T21:22:29.760000Z,,2026-02-13T21:22:30.355676Z,22,NOCODE,1118,"English, Spanish",No formal qualifications,41,Male,Other,United States,United States,United States,English,No,Full-Time,Less than High School,Yes,No,No,Yes
698f9dc065e1004a65032f99,630345dd92f26599c777a5fc,AWAITING REVIEW,Not Applicable,2026-02-13T21:55:15.492000Z,2026-02-13T21:55:46.780000Z,,2026-02-13T21:55:47.348324Z,32,NOCODE,3697,English,No formal qualifications,43,Male,White,United States,United States,United States,English,No,"Not in paid work (e.g. homemaker', 'retired or disabled)",Less than High School,Yes,No,No,Yes
698fab036056212dcf935454,698df90cb07de50005dec6f5,AWAITING REVIEW,Not Applicable,2026-02-13T22:51:49.135000Z,2026-02-13T22:52:23.169000Z,,2026-02-13T22:52:23.764012Z,35,NOCODE,5,English,No formal qualifications,18,Male,Other,United States,United States,DATA_EXPIRED,English,Yes,Unemployed (and job seeking),Less than High School,Yes,No,No,Yes
698fb7a9392e41398d1bf565,62f18c2d37a5f255f351b61d,AWAITING REVIEW,Not Applicable,2026-02-13T23:45:47.524000Z,2026-02-13T23:46:38.908000Z,,2026-02-13T23:46:39.467032Z,52,NOCODE,4901,English,No formal qualifications,51,Male,White,United States,United States,United States,English,No,Full-Time,Less than High School,Yes,No,No,Yes
698fce767c3db6e224df201d,69811dabd00611ed753001f9,AWAITING REVIEW,Not Applicable,2026-02-14T01:23:04.982000Z,2026-02-14T01:23:21.574000Z,,2026-02-14T01:23:22.136523Z,17,NOCODE,83,"Japanese, English",No formal qualifications,18,Male,Asian,United States,United States,United States,English,Yes,Unemployed (and job seeking),Less than High School,Yes,No,No,Yes
698fd48d849b4e17cd873bcb,668ff92ba763d2a9b8cecaaf,AWAITING REVIEW,Not Applicable,2026-02-14T01:49:04.545000Z,2026-02-14T01:49:24.408000Z,,2026-02-14T01:49:25.041397Z,20,NOCODE,160,English,No formal qualifications,22,Male,Mixed,United States,United States,United States,English,No,Unemployed (and job seeking),Less than High School,Yes,No,No,Yes
698fd659ded3a57783477330,698fcc8a809d748c4759570d,AWAITING REVIEW,Not Applicable,2026-02-14T01:56:44.404000Z,2026-02-14T01:57:09.364000Z,,2026-02-14T01:57:10.050266Z,25,NOCODE,2,English,No formal qualifications,25,Male,White,United States,United States,United States,English,No,Unemployed (and job seeking),Less than High School,Yes,No,No,Yes
698fda7a977e922e8040c02a,668265e5f8d4c349bef71b63,AWAITING REVIEW,Not Applicable,2026-02-14T02:14:20.739000Z,2026-02-14T02:14:45.439000Z,,2026-02-14T02:14:46.010433Z,25,NOCODE,1061,English,No formal qualifications,28,Female,White,United States,United States,United States,English,No,Other,Less than High School,Yes,No,No,Yes
698ffb97c0267ab468b64ed3,695ff06044ca743d0c309f99,AWAITING REVIEW,Not Applicable,2026-02-14T04:35:38.183000Z,2026-02-14T04:35:56.145000Z,,2026-02-14T04:35:59.071561Z,18,NOCODE,49,English,No formal qualifications,21,Female,Other,United States,United States,United States,English,No,Unemployed (and job seeking),Less than High School,Yes,No,No,Yes
69900c7a7dc113b0a6b0b88b,5d464c8a4bfe160001692125,AWAITING REVIEW,Not Applicable,2026-02-14T05:47:41.436000Z,2026-02-14T05:47:54.782000Z,,2026-02-14T05:47:55.359310Z,14,NOCODE,1918,English,No formal qualifications,29,Female,Other,Canada,United States,Canada,English,DATA_EXPIRED,Other,Less than High School,Yes,No,No,Yes
69909b79bdb8b20ccd38999d,694b64552bec544aa2e75823,AWAITING REVIEW,Not Applicable,2026-02-14T15:57:47.999000Z,2026-02-14T15:58:04.996000Z,,2026-02-14T15:58:05.558344Z,17,NOCODE,229,English,No formal qualifications,18,Male,White,United States,United States,United States,English,Yes,Unemployed (and job seeking),Less than High School,Yes,No,No,Yes
6990c7d4381e04f044bec79f,6643bed0ed868a9901a9ddec,AWAITING REVIEW,Not Applicable,2026-02-14T19:07:03.986000Z,2026-02-14T19:07:31.869000Z,,2026-02-14T19:07:32.413419Z,28,NOCODE,675,English,Secondary education (e.g. GED/GCSE),23,Female,White,United States,United States,United States,English,No,Part-Time,Less than High School,Yes,No,No,Yes
6990c7ef01273bfe79f6eb4d,5cce9b46b09ec90015f3ef05,AWAITING REVIEW,Not Applicable,2026-02-14T19:07:29.866000Z,2026-02-14T19:07:43.806000Z,,2026-02-14T19:07:44.400413Z,14,NOCODE,864,English,No formal qualifications,27,Female,White,United States,United States,United States,English,Yes,Part-Time,Less than High School,Yes,No,No,Yes
6990df994e5c65377a30cca2,6983c5acc32da5f09e90c0e7,AWAITING REVIEW,Not Applicable,2026-02-14T20:48:27.814000Z,2026-02-14T20:48:53.143000Z,,2026-02-14T20:48:53.730493Z,26,NOCODE,32,English,No formal qualifications,18,Male,White,United States,United States,United States,English,Yes,Unemployed (and job seeking),Less than High School,Yes,No,No,Yes
6990f432308ee58651403e0a,6990ca01ca554d7c92921baa,AWAITING REVIEW,Not Applicable,2026-02-14T22:16:20.773000Z,2026-02-14T22:16:51.850000Z,,2026-02-14T22:16:52.512198Z,32,NOCODE,1,English,No formal qualifications,38,Female,White,United States,United States,United States,English,No,"Not in paid work (e.g. homemaker', 'retired or disabled)",Less than High School,Yes,No,No,Yes
6990f6c0ceb03e35ac39e8ab,5fc3442312bc5917b8341963,AWAITING REVIEW,Not Applicable,2026-02-14T22:27:14.665000Z,2026-02-14T22:28:13.167000Z,,2026-02-14T22:28:13.737294Z,59,NOCODE,8206,English,No formal qualifications,27,Male,Black,United States,United States,United States,English,No,Unemployed (and job seeking),Less than High School,Yes,No,No,Yes
69912c0e26d5037039f959b8,695fa47232de0a5707463200,AWAITING REVIEW,Not Applicable,2026-02-15T02:14:41.729000Z,2026-02-15T02:15:04.291000Z,,2026-02-15T02:15:04.940005Z,23,NOCODE,75,English,No formal qualifications,19,Male,White,United States,United States,United States,English,Yes,Unemployed (and job seeking),Less than High School,Yes,No,No,Yes
69913a6823f0100f45114811,699131f3a8c1ca0b1b8f60a8,AWAITING REVIEW,Not Applicable,2026-02-15T03:15:55.719000Z,2026-02-15T03:16:27.177000Z,,2026-02-15T03:16:27.784595Z,32,NOCODE,0,English,No formal qualifications,46,Male,White,United States,United States,DATA_EXPIRED,English,No,"Not in paid work (e.g. homemaker', 'retired or disabled)",Less than High School,Yes,No,No,Yes
69922d224ef68ad43c8a6354,66afed5eb6e4bbada1bf6752,AWAITING REVIEW,Not Applicable,2026-02-15T20:31:33.530000Z,2026-02-15T20:32:04.643000Z,,2026-02-15T20:32:05.362639Z,32,NOCODE,1028,English,Secondary education (e.g. GED/GCSE),59,Male,Black,United States,United States,United States,English,No,Part-Time,Less than High School,Yes,No,No,Yes
69925831a0f8a2bb82dc02b5,58d7d2c2e9b6dc000129148a,AWAITING REVIEW,Not Applicable,2026-02-15T23:35:15.197000Z,2026-02-15T23:35:29.568000Z,,2026-02-15T23:35:30.156317Z,15,NOCODE,8099,English,No formal qualifications,30,Male,White,United States,United States,United States,English,No,"Not in paid work (e.g. homemaker', 'retired or disabled)",Less than High School,Yes,No,No,Yes
699285c24a59168c96b8ee8f,697a6147f2b92fc697eb2554,AWAITING REVIEW,Not Applicable,2026-02-16T02:49:41.027000Z,2026-02-16T02:49:58.829000Z,,2026-02-16T02:49:59.362751Z,18,NOCODE,113,English,Secondary education (e.g. GED/GCSE),18,Female,White,United States,United States,United States,English,Yes,"Not in paid work (e.g. homemaker', 'retired or disabled)",Less than High School,Yes,No,No,Yes
69936bbe0a3f57dbdeb64588,5acb69b70527ba0001c25872,AWAITING REVIEW,Not Applicable,2026-02-16T19:10:56.886000Z,2026-02-16T19:11:15.186000Z,,2026-02-16T19:11:15.770890Z,19,NOCODE,2847,English,No formal qualifications,29,Female,White,United States,United States,United States,English,No,Full-Time,Less than High School,Yes,No,No,Yes
69947258dfcd4c0a003b2ad9,64fb30365bea2333e0da11ee,AWAITING REVIEW,Not Applicable,2026-02-17T13:51:22.842000Z,2026-02-17T13:51:56.729000Z,,2026-02-17T13:51:57.372108Z,34,NOCODE,787,English,No formal qualifications,33,Male,White,United States,United States,United States,English,No,Part-Time,Less than High School,Yes,No,No,Yes
69952f8a01d1d00990e967f9,57a93244dcff7d0001c7d86f,AWAITING REVIEW,Not Applicable,2026-02-18T03:18:36.271000Z,2026-02-18T03:19:02.787000Z,,2026-02-18T03:19:03.335360Z,27,NOCODE,4460,English,No formal qualifications,31,Female,White,United States,United States,United States,English,No,Unemployed (and job seeking),Less than High School,Yes,No,No,Yes
69954a001e8022ebfe8f7a1f,698fb7ba7f3e42ae8abe4341,AWAITING REVIEW,Not Applicable,2026-02-18T05:11:30.910000Z,2026-02-18T05:12:11.404000Z,,2026-02-18T05:12:11.933231Z,41,NOCODE,8,"English, Spanish",No formal qualifications,18,Male,White,United States,United States,United States,Spanish,Yes,Other,Less than High School,Yes,No,No,Yes
6995aa3908667f31bb56fe51,5e6784bc622ffe000c766b4b,AWAITING REVIEW,Not Applicable,2026-02-18T12:02:03.925000Z,2026-02-18T12:02:39.189000Z,,2026-02-18T12:02:39.787290Z,36,NOCODE,431,English,No formal qualifications,39,Female,White,United States,United States,United States,English,No,"Not in paid work (e.g. homemaker', 'retired or disabled)",Less than High School,Yes,No,No,Yes
69962418ef2aeb6770074fb1,698ce7fd99026eeb1749234b,AWAITING REVIEW,Not Applicable,2026-02-18T20:42:02.854000Z,2026-02-18T20:42:23.265000Z,,2026-02-18T20:42:23.961644Z,21,NOCODE,3,English,No formal qualifications,28,Male,Mixed,United States,United States,United States,English,Yes,"Not in paid work (e.g. homemaker', 'retired or disabled)",Less than High School,Yes,No,No,Yes
6996319cbefaf0097222c9f9,6993fa9e573b5b886a7ca08f,AWAITING REVIEW,Not Applicable,2026-02-18T21:39:42.661000Z,2026-02-18T21:40:03.207000Z,,2026-02-18T21:40:04.116935Z,21,NOCODE,9,English,No formal qualifications,18,Male,White,United States,United States,DATA_EXPIRED,English,Yes,Part-Time,Less than High School,Yes,No,No,Yes
6997af98dc6a892d7768bfb4,66439d43c9223566a67d5397,AWAITING REVIEW,Not Applicable,2026-02-20T00:49:30.682000Z,2026-02-20T00:49:53.043000Z,,2026-02-20T00:49:53.666144Z,23,NOCODE,163,English,No formal qualifications,23,Female,White,United States,United States,United States,English,No,Unemployed (and job seeking),Less than High School,Yes,No,No,Yes
698f72df005a714975008a6b,5b5a822e1ad8270001c4f28d,AWAITING REVIEW,Not Applicable,2026-02-13T18:52:18.276000Z,2026-02-13T18:52:39.779000Z,,2026-02-13T18:52:40.358059Z,22,NOCODE,16974,English,High school diploma/A-levels,44,Male,White,United States,United States,United States,English,No,Unemployed (and job seeking),High school (including GED),Yes,No,No,Yes
698f727f58aee5c7ff07d3ce,62694f79608ed29b7af936b1,AWAITING REVIEW,Not Applicable,2026-02-13T18:50:41.733000Z,2026-02-13T18:51:00.284000Z,,2026-02-13T18:51:00.868335Z,19,NOCODE,14647,English,High school diploma/A-levels,59,Female,White,United States,United States,United States,English,No,Full-Time,High school (including GED),Yes,No,No,Yes
698f763e98babfd4a9553237,56e6a66af6ed900006a5867c,AWAITING REVIEW,Not Applicable,2026-02-13T19:06:40.725000Z,2026-02-13T19:06:59.486000Z,,2026-02-13T19:07:00.100612Z,19,NOCODE,14041,English,High school diploma/A-levels,45,Male,White,United States,United States,United States,English,No,Part-Time,High school (including GED),Yes,No,No,Yes
698f743683fb1a20a6fdca7c,5ff07b5ee7a1d23e719e421e,AWAITING REVIEW,Not Applicable,2026-02-13T18:58:00.637000Z,2026-02-13T18:58:36.737000Z,,2026-02-13T18:58:37.288318Z,37,NOCODE,13876,English,Technical/community college,71,Female,White,United States,United States,United States,English,No,"Not in paid work (e.g. homemaker', 'retired or disabled)",High school (including GED),Yes,No,No,Yes
698f764b3f477db16fe070c0,5a4bf09053a4560001ba0ebf,AWAITING REVIEW,Not Applicable,2026-02-13T19:06:54.041000Z,2026-02-13T19:07:10.717000Z,,2026-02-13T19:07:11.386347Z,17,NOCODE,13410,English,High school diploma/A-levels,38,Male,White,United States,United States,United States,English,No,DATA_EXPIRED,High school (including GED),Yes,No,No,Yes
698f74cb739aeac52399ad50,5db48b4d14dab8000de45fdf,AWAITING REVIEW,Not Applicable,2026-02-13T19:00:29.748000Z,2026-02-13T19:01:01.765000Z,,2026-02-13T19:01:02.382306Z,33,NOCODE,12835,English,High school diploma/A-levels,49,Female,White,United States,United States,United States,English,No,Full-Time,High school (including GED),Yes,No,No,Yes
698f7240ae2e46540a95b089,612fa6644526903f736cf925,AWAITING REVIEW,Not Applicable,2026-02-13T18:49:39.109000Z,2026-02-13T18:50:10.653000Z,,2026-02-13T18:50:11.245547Z,32,NOCODE,12787,English,High school diploma/A-levels,61,Male,White,United States,United States,United States,English,No,Full-Time,High school (including GED),Yes,No,No,Yes
6991a7a2479e85ce7d162dd8,616b5241d8eb9504f10a5cb2,AWAITING REVIEW,Not Applicable,2026-02-15T11:01:57.715000Z,2026-02-15T11:02:16.012000Z,,2026-02-15T11:02:16.563143Z,19,NOCODE,11649,English,Secondary education (e.g. GED/GCSE),60,Female,Mixed,United States,United States,United States,English,No,Full-Time,High school (including GED),Yes,No,No,Yes
698f748a8261b1f71b059a8d,62e02660c3ef175825ab7655,AWAITING REVIEW,Not Applicable,2026-02-13T18:59:24.352000Z,2026-02-13T19:00:04.377000Z,,2026-02-13T19:00:04.943474Z,41,NOCODE,10658,English,High school diploma/A-levels,34,Female,White,United States,United States,United States,English,No,Full-Time,High school (including GED),Yes,No,No,Yes
6990ca05dfcff4c850621b28,59cf062758b71700019882d4,AWAITING REVIEW,Not Applicable,2026-02-14T19:16:24.873000Z,2026-02-14T19:16:35.483000Z,,2026-02-14T19:16:36.032346Z,11,NOCODE,10564,English,Secondary education (e.g. GED/GCSE),33,Female,White,United States,United States,United States,English,No,"Not in paid work (e.g. homemaker', 'retired or disabled)",High school (including GED),Yes,No,No,Yes
698f8b4567c8adb3f3e44cbd,60de9c66c01a9de405e9efb0,AWAITING REVIEW,Not Applicable,2026-02-13T20:36:23.509000Z,2026-02-13T20:36:53.582000Z,,2026-02-13T20:36:54.219206Z,31,NOCODE,10424,English,High school diploma/A-levels,66,Male,White,United States,United States,United States,English,No,"Not in paid work (e.g. homemaker', 'retired or disabled)",High school (including GED),Yes,No,No,Yes
698f732fbc437874f0c02b84,55dbdc9d50a1f7001190d753,AWAITING REVIEW,Not Applicable,2026-02-13T18:53:38.422000Z,2026-02-13T18:54:02.095000Z,,2026-02-13T18:54:02.861335Z,24,NOCODE,10240,English,High school diploma/A-levels,35,Male,White,United States,United States,United States,English,Yes,Unemployed (and job seeking),High school (including GED),Yes,No,No,Yes
698f82db013223bb835e7b99,63d84be2c9a21026d442e728,AWAITING REVIEW,Not Applicable,2026-02-13T20:00:29.554000Z,2026-02-13T20:00:40.918000Z,,2026-02-13T20:00:41.566163Z,12,NOCODE,9928,"Spanish, English",High school diploma/A-levels,31,Male,White,United States,United States,United States,Spanish,No,Full-Time,High school (including GED),Yes,No,No,Yes
69912f9c0a92578c5fa634ad,5eceed79840590300f53fa51,AWAITING REVIEW,Not Applicable,2026-02-15T02:29:51.890000Z,2026-02-15T02:30:18.125000Z,,2026-02-15T02:30:18.674853Z,27,NOCODE,9904,English,Secondary education (e.g. GED/GCSE),31,Male,White,United States,United States,United States,English,No,Part-Time,High school (including GED),Yes,No,No,Yes
698f775e31636f34fadbbad8,611e7207aaf352cb4c807e78,AWAITING REVIEW,Not Applicable,2026-02-13T19:11:29.079000Z,2026-02-13T19:11:40.639000Z,,2026-02-13T19:11:41.289886Z,12,NOCODE,9827,English,High school diploma/A-levels,39,Male,White,United States,United States,United States,English,No,Full-Time,High school (including GED),Yes,No,No,Yes
698f751718e6623b1ca589ba,5758a78d768081000631a322,AWAITING REVIEW,Not Applicable,2026-02-13T19:01:45.866000Z,2026-02-13T19:02:07.411000Z,,2026-02-13T19:02:08.001259Z,22,NOCODE,9790,English,High school diploma/A-levels,57,Female,White,United States,United States,United States,English,No,Part-Time,High school (including GED),Yes,No,No,Yes
698f7e27548662e5c9c5092f,5ecaf0fa5c1f7f6599d959ff,AWAITING REVIEW,Not Applicable,2026-02-13T19:40:26.094000Z,2026-02-13T19:40:47.372000Z,,2026-02-13T19:40:48.052824Z,22,NOCODE,9496,English,High school diploma/A-levels,51,Male,White,United States,United States,United States,English,No,DATA_EXPIRED,High school (including GED),Yes,No,No,Yes
698f720909ed95bda51bf832,56f59251736c79000c2241f7,AWAITING REVIEW,Not Applicable,2026-02-13T18:48:44.098000Z,2026-02-13T18:49:16.393000Z,,2026-02-13T18:49:17.004437Z,33,NOCODE,8690,English,High school diploma/A-levels,35,Male,White,United States,United States,United States,English,No,Unemployed (and job seeking),High school (including GED),Yes,No,No,Yes
6990fe206c0b66b5627fc930,5c0727ff1d461400012b61ee,AWAITING REVIEW,Not Applicable,2026-02-14T22:58:42.767000Z,2026-02-14T22:59:03.510000Z,,2026-02-14T22:59:05.364494Z,21,NOCODE,7954,English,Secondary education (e.g. GED/GCSE),57,Female,White,United States,United States,United States,English,No,Full-Time,High school (including GED),Yes,No,No,Yes
698f82de0f66d62795a3e454,62fe6312269d0e4ae894297b,AWAITING REVIEW,Not Applicable,2026-02-13T20:00:33.810000Z,2026-02-13T20:00:51.366000Z,,2026-02-13T20:00:51.976292Z,18,NOCODE,7738,English,High school diploma/A-levels,36,Male,White,United States,United States,United States,English,No,Full-Time,High school (including GED),Yes,No,No,Yes
698f7211a7a29cf20a44b40e,5db0a97f127d4000117cdfa0,AWAITING REVIEW,Not Applicable,2026-02-13T18:48:51.615000Z,2026-02-13T18:49:28.824000Z,,2026-02-13T18:49:29.458129Z,38,NOCODE,6953,English,High school diploma/A-levels,49,Female,White,United States,United States,United States,English,No,Full-Time,High school (including GED),Yes,No,No,Yes
698f7563a47623b760fdbd9c,5fe18e1c8929f0c2a41e43d8,AWAITING REVIEW,Not Applicable,2026-02-13T19:03:02.119000Z,2026-02-13T19:03:20.396000Z,,2026-02-13T19:03:20.955560Z,19,NOCODE,6711,English,High school diploma/A-levels,29,Female,White,United States,United States,United States,English,No,Unemployed (and job seeking),High school (including GED),Yes,No,No,Yes
698f7299903159eb67b4e884,63bf40687b33e43442effb9b,AWAITING REVIEW,Not Applicable,2026-02-13T18:51:08.131000Z,2026-02-13T18:51:52.593000Z,,2026-02-13T18:51:53.447853Z,45,NOCODE,6665,English,High school diploma/A-levels,43,Male,White,United States,United States,United States,English,No,Full-Time,High school (including GED),Yes,No,No,Yes
698f7b3a2853bcb48cf26f92,6314c1e76c3f71e2127f1976,AWAITING REVIEW,Not Applicable,2026-02-13T19:27:57.949000Z,2026-02-13T19:28:14.680000Z,,2026-02-13T19:28:15.313617Z,17,NOCODE,6573,English,Secondary education (e.g. GED/GCSE),45,Male,White,United States,United States,United States,English,No,Unemployed (and job seeking),High school (including GED),Yes,No,No,Yes
698f767aa94bd661434f6430,5cab7cc86d3a6e001519d9e9,AWAITING REVIEW,Not Applicable,2026-02-13T19:07:41.027000Z,2026-02-13T19:08:10.879000Z,,2026-02-13T19:08:11.511057Z,30,NOCODE,6540,English,High school diploma/A-levels,37,Male,White,United States,United States,United States,English,No,DATA_EXPIRED,High school (including GED),Yes,No,No,Yes
698f71f06258c44e3c6e5691,5c224f5289f0350001738d48,AWAITING REVIEW,Not Applicable,2026-02-13T18:48:19.370000Z,2026-02-13T18:48:50.496000Z,,2026-02-13T18:48:51.221625Z,32,NOCODE,6454,"Spanish, English",High school diploma/A-levels,33,Female,Other,United States,United States,United States,Spanish,No,Full-Time,High school (including GED),Yes,No,No,Yes
698f7e161bae8383a498c9e1,5d6466d84e9aae0001598a5a,AWAITING REVIEW,Not Applicable,2026-02-13T19:40:08.660000Z,2026-02-13T19:40:25.342000Z,,2026-02-13T19:40:26.476755Z,17,NOCODE,6202,English,High school diploma/A-levels,39,Female,White,United States,United States,United States,English,No,Full-Time,High school (including GED),Yes,No,No,Yes
698f8c53d870b401a293544b,5e0a2f6377f8652c6fc3f887,AWAITING REVIEW,Not Applicable,2026-02-13T20:40:54.252000Z,2026-02-13T20:41:14.985000Z,,2026-02-13T20:41:15.775979Z,21,NOCODE,6098,English,Secondary education (e.g. GED/GCSE),33,Female,White,United States,United States,United States,English,No,Unemployed (and job seeking),High school (including GED),Yes,No,No,Yes
698fb1df0064d781ec0ee17c,674c8549a9fd90b7c8dda9d3,AWAITING REVIEW,Not Applicable,2026-02-13T23:21:06.105000Z,2026-02-13T23:21:39.106000Z,,2026-02-13T23:21:39.646874Z,34,NOCODE,6026,English,Secondary education (e.g. GED/GCSE),40,Male,White,United States,United States,United States,English,No,Full-Time,High school (including GED),Yes,No,No,Yes
698fa98eb6dc469399b73e58,655a395e2828d333bae0ea4b,AWAITING REVIEW,Not Applicable,2026-02-13T22:45:39.182000Z,2026-02-13T22:46:12.870000Z,,2026-02-13T22:46:13.501328Z,34,NOCODE,5982,English,Secondary education (e.g. GED/GCSE),63,Male,White,United States,United States,United States,English,No,Full-Time,High school (including GED),Yes,No,No,Yes
698f7583549534a0d03e27f9,5ae3a41d32ef52000131a531,AWAITING REVIEW,Not Applicable,2026-02-13T19:03:33.828000Z,2026-02-13T19:04:02.253000Z,,2026-02-13T19:04:02.843061Z,29,NOCODE,5972,English,High school diploma/A-levels,28,Male,Black,United States,United States,United States,English,No,DATA_EXPIRED,High school (including GED),Yes,No,No,Yes
6990c482c523e9d5fb727001,5f744fb50bfbbd0a01cd5435,AWAITING REVIEW,Not Applicable,2026-02-14T18:52:52.845000Z,2026-02-14T18:53:15.218000Z,,2026-02-14T18:53:15.861935Z,23,NOCODE,5896,English,Secondary education (e.g. GED/GCSE),50,Female,White,United States,United States,United States,English,No,"Not in paid work (e.g. homemaker', 'retired or disabled)",High school (including GED),Yes,No,No,Yes
698f7410119cb664f39aa28a,60d9e874269237cc2a228006,AWAITING REVIEW,Not Applicable,2026-02-13T18:57:22.729000Z,2026-02-13T18:57:40.293000Z,,2026-02-13T18:57:40.850493Z,18,NOCODE,5878,English,High school diploma/A-levels,30,Female,White,United States,United States,United States,English,No,Part-Time,High school (including GED),Yes,No,No,Yes
698f72604e89e02ca6bd0a9b,605fbc12c61d8d10250f6e51,AWAITING REVIEW,Not Applicable,2026-02-13T18:50:11.417000Z,2026-02-13T18:50:33.800000Z,,2026-02-13T18:50:34.572316Z,23,NOCODE,5859,"English, Vietnamese",High school diploma/A-levels,29,Female,Asian,United States,United States,United States,English,No,Unemployed (and job seeking),High school (including GED),Yes,No,No,Yes
698f7c7ec3f6594ee9176391,6685cec5c360283099e5bb29,AWAITING REVIEW,Not Applicable,2026-02-13T19:33:22.318000Z,2026-02-13T19:33:43.317000Z,,2026-02-13T19:33:44.015970Z,21,NOCODE,5843,English,High school diploma/A-levels,53,Female,White,United States,United States,United States,English,No,Part-Time,High school (including GED),Yes,No,No,Yes
698f78e8bf427398a3819bb2,5b735a4c3503c60001a891b7,AWAITING REVIEW,Not Applicable,2026-02-13T19:18:02.632000Z,2026-02-13T19:18:20.127000Z,,2026-02-13T19:18:20.709041Z,18,NOCODE,5736,English,High school diploma/A-levels,31,Female,White,United States,United States,United States,English,No,Part-Time,High school (including GED),Yes,No,No,Yes
698f791d0225807c77f00ebd,5e076480c4e1550e2114f006,AWAITING REVIEW,Not Applicable,2026-02-13T19:18:56.158000Z,2026-02-13T19:19:18.004000Z,,2026-02-13T19:19:18.634832Z,22,NOCODE,5647,English,High school diploma/A-levels,48,Male,Other,United States,United States,United States,English,No,Full-Time,High school (including GED),Yes,No,No,Yes
6990eddf2dd4c49931479b52,64ef5620f0a6cf6a9568a4b4,AWAITING REVIEW,Not Applicable,2026-02-14T21:49:23.828000Z,2026-02-14T21:49:47.427000Z,,2026-02-14T21:49:48.653256Z,24,NOCODE,5437,English,Secondary education (e.g. GED/GCSE),50,Male,Black,United States,United States,United States,English,DATA_EXPIRED,Part-Time,High school (including GED),Yes,No,No,Yes
69934b255a27947a3426469e,64bbf16db125b5d6a2f3a911,AWAITING REVIEW,Not Applicable,2026-02-16T16:51:52.288000Z,2026-02-16T16:52:20.341000Z,,2026-02-16T16:52:20.919265Z,29,NOCODE,5360,English,Secondary education (e.g. GED/GCSE),68,Male,White,Cuba,United States,United States,English,No,Part-Time,High school (including GED),Yes,No,No,Yes
69905edd18e98171989f6b46,6110888158573651261c3100,AWAITING REVIEW,Not Applicable,2026-02-14T11:39:12.081000Z,2026-02-14T11:39:40.024000Z,,2026-02-14T11:39:40.631806Z,28,NOCODE,5297,English,Secondary education (e.g. GED/GCSE),61,Female,White,United States,United States,United States,English,No,Part-Time,High school (including GED),Yes,No,No,Yes
698f9c0808418c1076ab05aa,66293f7d355cb2780b2b2ab1,AWAITING REVIEW,Not Applicable,2026-02-13T21:47:54.356000Z,2026-02-13T21:48:23.799000Z,,2026-02-13T21:48:24.837211Z,30,NOCODE,5127,English,High school diploma/A-levels,52,Female,White,United States,United States,United States,English,No,"Not in paid work (e.g. homemaker', 'retired or disabled)",High school (including GED),Yes,No,No,Yes
6990fe59e8f643c96b9dd83e,615b76e05c1c5a26e46f1b3e,AWAITING REVIEW,Not Applicable,2026-02-14T22:59:40.470000Z,2026-02-14T23:00:09.490000Z,,2026-02-14T23:00:10.049085Z,30,NOCODE,5024,English,Secondary education (e.g. GED/GCSE),31,Female,Asian,United States,United States,United States,English,No,Part-Time,High school (including GED),Yes,No,No,Yes
698f77caafdcb5fee79f433c,66661b1242b581f199e49f4c,AWAITING REVIEW,Not Applicable,2026-02-13T19:13:18.466000Z,2026-02-13T19:13:41.448000Z,,2026-02-13T19:13:42.122825Z,23,NOCODE,5018,English,High school diploma/A-levels,39,Male,Mixed,American Samoa,United States,American Samoa,English,No,Full-Time,High school (including GED),Yes,No,No,Yes
698f7690f5cf4222740b4280,602b3ed14ae791260d6d12c5,AWAITING REVIEW,Not Applicable,2026-02-13T19:08:02.950000Z,2026-02-13T19:08:26.702000Z,,2026-02-13T19:08:27.302070Z,24,NOCODE,4975,English,High school diploma/A-levels,36,Male,White,United States,United States,United States,English,No,Full-Time,High school (including GED),Yes,No,No,Yes
698f732d70fa9b3aeadf2315,6306679aefe2197ff06b2621,AWAITING REVIEW,Not Applicable,2026-02-13T18:53:35.943000Z,2026-02-13T18:53:51.177000Z,,2026-02-13T18:53:51.761083Z,16,NOCODE,4933,English,High school diploma/A-levels,24,Female,White,United States,United States,United States,English,No,Part-Time,High school (including GED),Yes,No,No,Yes
698f75fd7c6b1d4ff5f9dac6,5ffd2c0699c3912436845113,AWAITING REVIEW,Not Applicable,2026-02-13T19:05:36.120000Z,2026-02-13T19:06:02.565000Z,,2026-02-13T19:06:03.244008Z,27,NOCODE,4823,English,High school diploma/A-levels,31,Male,White,United States,United States,United States,English,No,Full-Time,High school (including GED),Yes,No,No,Yes
69908bb9331bf724cb92deeb,60e769ec9858960e8ad00886,AWAITING REVIEW,Not Applicable,2026-02-14T14:50:36.117000Z,2026-02-14T14:51:05Z,,2026-02-14T14:51:05.618599Z,29,NOCODE,4645,English,Secondary education (e.g. GED/GCSE),48,Male,Asian,Korea,United States,United States,English,No,Full-Time,High school (including GED),Yes,No,No,Yes
698f7c217adc0097b96b6a30,63eda5a4a87d8bd73853fa8e,AWAITING REVIEW,Not Applicable,2026-02-13T19:31:49.800000Z,2026-02-13T19:32:06.269000Z,,2026-02-13T19:32:07.012863Z,17,NOCODE,4525,English,High school diploma/A-levels,36,Male,Asian,United States,United States,United States,English,No,Full-Time,High school (including GED),Yes,No,No,Yes
698f72811e6447f4c38acb25,5b9dd07de671c60001226b79,AWAITING REVIEW,Not Applicable,2026-02-13T18:50:44.144000Z,2026-02-13T18:51:04.445000Z,,2026-02-13T18:51:05.081169Z,21,NOCODE,4482,English,High school diploma/A-levels,26,Female,White,United States,United States,United States,English,No,Other,High school (including GED),Yes,No,No,Yes
69909b5b405bf0eed2a80060,67de239c06b421f44e118eaf,AWAITING REVIEW,Not Applicable,2026-02-14T15:57:19.685000Z,2026-02-14T15:57:46.775000Z,,2026-02-14T15:57:47.386101Z,28,NOCODE,4446,English,Secondary education (e.g. GED/GCSE),51,Male,White,United States,United States,United States,English,No,"Not in paid work (e.g. homemaker', 'retired or disabled)",High school (including GED),Yes,No,No,Yes
698f79cc92b12e3178246caa,63d41270b0fcb44aade343df,AWAITING REVIEW,Not Applicable,2026-02-13T19:21:50.998000Z,2026-02-13T19:22:09.148000Z,,2026-02-13T19:22:09.755277Z,19,NOCODE,4317,"English, Vietnamese",High school diploma/A-levels,21,Male,Asian,Vietnam,United States,United States,Vietnamese,Yes,DATA_EXPIRED,High school (including GED),Yes,No,No,Yes
698f82a831f497a448311d7e,5ca88c7900dbf0000127c5d5,AWAITING REVIEW,Not Applicable,2026-02-13T19:59:39.398000Z,2026-02-13T20:00:19.663000Z,,2026-02-13T20:00:20.341348Z,41,NOCODE,4071,English,High school diploma/A-levels,40,Male,White,United States,United States,United States,English,No,Full-Time,High school (including GED),Yes,No,No,Yes
698f79953dcffe30f12f0fc9,61006f174b5aabf905131ae1,AWAITING REVIEW,Not Applicable,2026-02-13T19:20:55.542000Z,2026-02-13T19:21:20.183000Z,,2026-02-13T19:21:20.790853Z,25,NOCODE,4036,English,High school diploma/A-levels,23,Female,White,United States,United States,United States,English,DATA_EXPIRED,DATA_EXPIRED,High school (including GED),Yes,No,No,Yes
698f79b42f4619b851bba2df,5ea50a770005874d591bab05,AWAITING REVIEW,Not Applicable,2026-02-13T19:21:27.247000Z,2026-02-13T19:21:39.973000Z,,2026-02-13T19:21:41.434689Z,13,NOCODE,3605,"English, Spanish",Technical/community college,22,Male,White,United States,United States,United States,English,Yes,Full-Time,High school (including GED),Yes,No,No,Yes
698f7af026c595427d02ddbd,6560efc6901d6dcf98fe9c71,AWAITING REVIEW,Not Applicable,2026-02-13T19:26:42.678000Z,2026-02-13T19:27:21.330000Z,,2026-02-13T19:27:21.938912Z,39,NOCODE,3168,English,High school diploma/A-levels,22,Male,Asian,United States,United States,United States,English,No,Full-Time,High school (including GED),Yes,No,No,Yes
698f7b22b16a34e22cf349b9,660c7427cb3a408efc628357,AWAITING REVIEW,Not Applicable,2026-02-13T19:27:33.090000Z,2026-02-13T19:28:12.376000Z,,2026-02-13T19:28:13.002668Z,40,NOCODE,3036,English,Technical/community college,38,Male,White,United States,United States,United States,English,DATA_EXPIRED,DATA_EXPIRED,High school (including GED),Yes,No,No,Yes
69909de81f6b1eeea13f82ee,6648c20d6429196c77d342d9,AWAITING REVIEW,Not Applicable,2026-02-14T16:08:11.114000Z,2026-02-14T16:08:37.745000Z,,2026-02-14T16:08:38.340669Z,27,NOCODE,2920,English,Secondary education (e.g. GED/GCSE),41,Female,Black,United States,United States,United States,English,No,Full-Time,High school (including GED),Yes,No,No,Yes
698f72131943f742e041b972,668c8323480134a3e3b9156e,AWAITING REVIEW,Not Applicable,2026-02-13T18:48:54.353000Z,2026-02-13T18:49:19.870000Z,,2026-02-13T18:49:20.484972Z,26,NOCODE,2887,English,High school diploma/A-levels,34,Male,White,United States,United States,United States,English,No,Part-Time,High school (including GED),Yes,No,No,Yes
698f78639b8b40b8d3ac53e4,66497704c55b6a0ac500cb61,AWAITING REVIEW,Not Applicable,2026-02-13T19:15:49.717000Z,2026-02-13T19:16:13.479000Z,,2026-02-13T19:16:14.064288Z,24,NOCODE,2841,"English, Spanish",High school diploma/A-levels,32,Male,White,United States,United States,United States,English,No,Full-Time,High school (including GED),Yes,No,No,Yes
698f79079d5ab55788f4f201,66813c65d6816913e30341ff,AWAITING REVIEW,Not Applicable,2026-02-13T19:18:34.267000Z,2026-02-13T19:18:57.742000Z,,2026-02-13T19:18:58.355524Z,24,NOCODE,2674,"English, Russian, Ukrainian",High school diploma/A-levels,36,Male,White,United States,United States,United States,English,No,Full-Time,High school (including GED),Yes,No,No,Yes
698f726b509c91b62f414644,5ff591cba89e1b000bfb9852,AWAITING REVIEW,Not Applicable,2026-02-13T18:50:20.866000Z,2026-02-13T18:50:32.711000Z,,2026-02-13T18:50:33.344013Z,12,NOCODE,19137,English,Technical/community college,39,Male,White,United States,United States,United States,English,No,Full-Time,Associate degree,Yes,No,No,Yes
698f76cf2e226371e9d93855,6238b95932e705108020765a,AWAITING REVIEW,Not Applicable,2026-02-13T19:09:05.523000Z,2026-02-13T19:09:43.382000Z,,2026-02-13T19:09:43.955639Z,38,NOCODE,16032,English,Undergraduate degree (BA/BSc/other),32,Male,White,United States,United States,United States,English,No,Full-Time,Bachelor's degree,Yes,No,No,Yes
698f74327079efb282525fce,5d617ba9364f9a0019f1dac3,AWAITING REVIEW,Not Applicable,2026-02-13T18:57:57.456000Z,2026-02-13T18:58:26.646000Z,,2026-02-13T18:58:27.322365Z,30,NOCODE,15725,English,Technical/community college,40,Female,Asian,Japan,United States,United States,Japanese,No,Full-Time,Associate degree,Yes,No,No,Yes
698f769e3dfe91ec727be46a,60712d937752fb8780e89951,AWAITING REVIEW,Not Applicable,2026-02-13T19:08:17.126000Z,2026-02-13T19:08:32.438000Z,,2026-02-13T19:08:33.075869Z,16,NOCODE,13800,English,Graduate degree (MA/MSc/MPhil/other),37,Male,White,United States,United States,United States,English,No,Full-Time,Master's degree,Yes,No,No,Yes
698f76c65676b46d4f51c48f,63671bfc81a5eca4218b6417,AWAITING REVIEW,Not Applicable,2026-02-13T19:08:56.142000Z,2026-02-13T19:09:40.573000Z,,2026-02-13T19:09:41.138074Z,45,NOCODE,13337,English,Technical/community college,54,Male,Asian,United States,United States,United States,English,No,Full-Time,Associate degree,Yes,No,No,Yes
698f72d0cd5be3f09644c1e0,5e2ac2aa0038f21089a533a4,AWAITING REVIEW,Not Applicable,2026-02-13T18:52:03.230000Z,2026-02-13T18:52:27.983000Z,,2026-02-13T18:52:28.688482Z,25,NOCODE,12962,English,Undergraduate degree (BA/BSc/other),46,Female,White,United States,United States,United States,English,No,Full-Time,Bachelor's degree,Yes,No,No,Yes
698f74b894877a848aba2717,5e27868c5cbbcc0b3599574b,AWAITING REVIEW,Not Applicable,2026-02-13T19:00:11.292000Z,2026-02-13T19:00:23.924000Z,,2026-02-13T19:00:24.503971Z,13,NOCODE,12868,"English, Spanish",Doctorate degree (PhD/other),34,Male,White,United States,United States,United States,English,No,Full-Time,Professional degree,Yes,No,No,Yes
698f78323a831a9ab793544f,616cf9ae07c1c6bd05d95beb,AWAITING REVIEW,Not Applicable,2026-02-13T19:15:01.317000Z,2026-02-13T19:15:28.804000Z,,2026-02-13T19:15:29.386200Z,28,NOCODE,12623,English,Technical/community college,50,Male,White,United States,United States,United States,English,No,Full-Time,Associate degree,Yes,No,No,Yes
698f72bc823f6496e4c6399d,5df3c82961b48a2907204173,AWAITING REVIEW,Not Applicable,2026-02-13T18:51:43.687000Z,2026-02-13T18:52:01.812000Z,,2026-02-13T18:52:02.404595Z,19,NOCODE,12244,English,Undergraduate degree (BA/BSc/other),42,Male,White,United States,United States,United States,English,No,Full-Time,Bachelor's degree,Yes,No,No,Yes
698f728a0e38a6cbf8bc824e,60c969c12749ced10866921d,AWAITING REVIEW,Not Applicable,2026-02-13T18:50:57.103000Z,2026-02-13T18:51:29.392000Z,,2026-02-13T18:51:30.421080Z,33,NOCODE,11508,English,Undergraduate degree (BA/BSc/other),63,Male,White,United States,United States,United States,English,No,Full-Time,Bachelor's degree,Yes,No,No,Yes
698f72f7ec5e80f90afbcaaf,5e9a2f95fe11450cc4a6b2be,AWAITING REVIEW,Not Applicable,2026-02-13T18:52:42.005000Z,2026-02-13T18:52:54.645000Z,,2026-02-13T18:52:55.235017Z,13,NOCODE,11491,English,Undergraduate degree (BA/BSc/other),37,Female,White,United States,United States,United States,English,No,Full-Time,Bachelor's degree,Yes,No,No,Yes
698f75712d5fdcdaee9f1e28,56259489ed6e5a0005c80fde,AWAITING REVIEW,Not Applicable,2026-02-13T19:03:16.202000Z,2026-02-13T19:03:29.739000Z,,2026-02-13T19:03:30.320279Z,14,NOCODE,11237,English,Technical/community college,39,Male,White,United States,United States,United States,English,No,Unemployed (and job seeking),Associate degree,Yes,No,No,Yes
698f78a56a7b2bae5e935442,55acf681fdf99b3d5b2ab68c,AWAITING REVIEW,Not Applicable,2026-02-13T19:16:57.447000Z,2026-02-13T19:17:25.152000Z,,2026-02-13T19:17:25.770664Z,28,NOCODE,11230,English,Technical/community college,42,Female,White,United States,United States,United States,English,No,Full-Time,Associate degree,Yes,No,No,Yes
698f7267e57626d90f917f30,5dd61f689740545c506ee244,AWAITING REVIEW,Not Applicable,2026-02-13T18:50:18.297000Z,2026-02-13T18:50:51.928000Z,,2026-02-13T18:50:52.595529Z,34,NOCODE,11180,English,Undergraduate degree (BA/BSc/other),44,Female,White,United States,United States,United States,English,No,Full-Time,Bachelor's degree,Yes,No,No,Yes
698f783bc942b9171dbd0a5d,568899d9d7848e0005399c6b,AWAITING REVIEW,Not Applicable,2026-02-13T19:15:10.360000Z,2026-02-13T19:15:29.830000Z,,2026-02-13T19:15:30.493977Z,20,NOCODE,10862,English,Doctorate degree (PhD/other),43,Male,White,United States,United States,United States,English,No,Full-Time,Doctorate degree,Yes,No,No,Yes
698f71f3da6dd6c872603d32,6126ecc3ebef11936ed8bfcb,AWAITING REVIEW,Not Applicable,2026-02-13T18:48:21.776000Z,2026-02-13T18:48:51.627000Z,,2026-02-13T18:48:52.198184Z,30,NOCODE,10767,English,Technical/community college,52,Female,White,United States,United States,United States,English,No,"Not in paid work (e.g. homemaker', 'retired or disabled)",Associate degree,Yes,No,No,Yes
698f80275f43c6ada9841a1f,558ab509fdf99b65685f024e,AWAITING REVIEW,Not Applicable,2026-02-13T19:48:57.858000Z,2026-02-13T19:49:23.347000Z,,2026-02-13T19:49:23.958124Z,26,NOCODE,9254,English,Undergraduate degree (BA/BSc/other),40,Male,White,United States,United States,United States,English,No,Full-Time,Bachelor's degree,Yes,No,No,Yes
698f767eb0a32bab87203cf9,5ba849b3a2a1ae0001f08d2d,AWAITING REVIEW,Not Applicable,2026-02-13T19:07:44.789000Z,2026-02-13T19:08:18.028000Z,,2026-02-13T19:08:18.945071Z,34,NOCODE,9002,English,Undergraduate degree (BA/BSc/other),24,Male,White,United States,United States,United States,English,No,Full-Time,Bachelor's degree,Yes,No,No,Yes
699228cf19c5815bd6b92657,5ebe015ae70ab70008895dbd,AWAITING REVIEW,Not Applicable,2026-02-15T20:13:06.148000Z,2026-02-15T20:13:25.799000Z,,2026-02-15T20:13:26.434055Z,20,NOCODE,8432,English,Secondary education (e.g. GED/GCSE),62,Male,Black,Trinidad and Tobago,United States,United States,English,No,Full-Time,Associate degree,Yes,No,No,Yes
698f747d5dd229f7afb73ebd,5ca24b9ceb041e00152164f0,AWAITING REVIEW,Not Applicable,2026-02-13T18:59:11.282000Z,2026-02-13T18:59:37.487000Z,,2026-02-13T18:59:38.181360Z,27,NOCODE,8275,English,Graduate degree (MA/MSc/MPhil/other),52,Female,White,United States,United States,United States,English,No,"Not in paid work (e.g. homemaker', 'retired or disabled)",Master's degree,Yes,No,No,Yes
698f78d69e6d078a1c8d252a,628eada3a9c9e0776884f27d,AWAITING REVIEW,Not Applicable,2026-02-13T19:17:44.709000Z,2026-02-13T19:17:57.855000Z,,2026-02-13T19:17:58.493372Z,14,NOCODE,7912,English,Graduate degree (MA/MSc/MPhil/other),33,Male,Mixed,United States,United States,United States,English,No,Full-Time,Master's degree,Yes,No,No,Yes
698f7208ecbd890be4201817,66e9cc5fb04f5ba6d8b5a3f1,AWAITING REVIEW,Not Applicable,2026-02-13T18:48:43.324000Z,2026-02-13T18:49:08.798000Z,,2026-02-13T18:49:09.393844Z,26,NOCODE,7778,English,Technical/community college,65,Male,White,United States,United States,United States,English,No,"Not in paid work (e.g. homemaker', 'retired or disabled)",Associate degree,Yes,No,No,Yes
698f7428e57166c269bffd99,5dcc948ed9873592337ae827,AWAITING REVIEW,Not Applicable,2026-02-13T18:57:46.937000Z,2026-02-13T18:58:13.471000Z,,2026-02-13T18:58:14.097309Z,27,NOCODE,7275,English,Graduate degree (MA/MSc/MPhil/other),64,Female,White,United States,United States,United States,English,No,Full-Time,Master's degree,Yes,No,No,Yes
698f75cfbbe831f5fac5f688,5f218f86a3a5b05784d9d371,AWAITING REVIEW,Not Applicable,2026-02-13T19:04:49.980000Z,2026-02-13T19:05:09.823000Z,,2026-02-13T19:05:10.368434Z,20,NOCODE,7125,English,Undergraduate degree (BA/BSc/other),37,Female,White,United States,United States,United States,English,No,Full-Time,Bachelor's degree,Yes,No,No,Yes
698f73768261b1f71b059a6f,5cf7df5a8e098100184cbf43,AWAITING REVIEW,Not Applicable,2026-02-13T18:54:48.729000Z,2026-02-13T18:55:06.232000Z,,2026-02-13T18:55:06.938313Z,18,NOCODE,7003,English,Graduate degree (MA/MSc/MPhil/other),34,Male,White,United States,United States,United States,English,No,Full-Time,Master's degree,Yes,No,No,Yes
698f7fde18fac9d081e07af6,5c57c06ed05b82000139682e,AWAITING REVIEW,Not Applicable,2026-02-13T19:47:44.730000Z,2026-02-13T19:48:02.457000Z,,2026-02-13T19:48:03.136367Z,18,NOCODE,6814,English,Undergraduate degree (BA/BSc/other),32,Male,White,United States,United States,United States,English,No,Full-Time,Bachelor's degree,Yes,No,No,Yes
698f71ff7e5ec6c7fe5177a3,66231fc6e1ecba676935943a,AWAITING REVIEW,Not Applicable,2026-02-13T18:48:33.201000Z,2026-02-13T18:48:53.562000Z,,2026-02-13T18:48:54.131580Z,21,NOCODE,6713,English,Technical/community college,39,Male,White,United States,United States,United States,English,DATA_EXPIRED,DATA_EXPIRED,Associate degree,Yes,No,No,Yes
698f725ceaacfac05746658f,655f95ffd90905e27c938a49,AWAITING REVIEW,Not Applicable,2026-02-13T18:50:06.969000Z,2026-02-13T18:50:34.984000Z,,2026-02-13T18:50:35.585077Z,29,NOCODE,6515,"English, Vietnamese",Doctorate degree (PhD/other),35,Female,Asian,United States,United States,United States,English,No,Full-Time,Doctorate degree,Yes,No,No,Yes
698f7513fa523be193315ef8,5513256cfdf99b1607b1f47b,AWAITING REVIEW,Not Applicable,2026-02-13T19:01:41.858000Z,2026-02-13T19:01:56.847000Z,,2026-02-13T19:01:57.417872Z,15,NOCODE,6430,"English, Japanese",Graduate degree (MA/MSc/MPhil/other),35,Male,White,United States,United States,United States,English,No,Full-Time,Master's degree,Yes,No,No,Yes
698f73802a39d79feb873f7c,671bbaf1bec15d847b871b9b,AWAITING REVIEW,Not Applicable,2026-02-13T18:54:58.469000Z,2026-02-13T18:55:38.926000Z,,2026-02-13T18:55:39.627039Z,41,NOCODE,6428,"English, Swahili",Undergraduate degree (BA/BSc/other),33,Male,Black,Kenya,United States,Kenya,English,No,Full-Time,Bachelor's degree,Yes,No,No,Yes
698f7b867c504a1851ab0518,66293cc1dcfaa310dd0f711b,AWAITING REVIEW,Not Applicable,2026-02-13T19:29:12.813000Z,2026-02-13T19:29:32.163000Z,,2026-02-13T19:29:32.761925Z,20,NOCODE,6255,English,Graduate degree (MA/MSc/MPhil/other),52,Male,White,United States,United States,United States,English,No,Full-Time,Professional degree,Yes,No,No,Yes
698f72b75c69c57d1b15adbc,58d4c4c287b2420001263b6a,AWAITING REVIEW,Not Applicable,2026-02-13T18:51:38.037000Z,2026-02-13T18:52:16.970000Z,,2026-02-13T18:52:17.558989Z,39,NOCODE,6184,English,Technical/community college,59,Female,Mixed,United States,United States,United States,English,No,Other,Associate degree,Yes,No,No,Yes
698f74ad3b1a90a9c59b7a87,62aa4399fa1aadf5ab91fff8,AWAITING REVIEW,Not Applicable,2026-02-13T19:00:00.244000Z,2026-02-13T19:00:33.871000Z,,2026-02-13T19:00:34.578584Z,34,NOCODE,6155,English,Doctorate degree (PhD/other),53,Male,White,United States,United States,United States,English,No,Part-Time,Professional degree,Yes,No,No,Yes
698f755d865e66d6174d45a8,67838c00a0e049fdf173f9bd,AWAITING REVIEW,Not Applicable,2026-02-13T19:02:55.967000Z,2026-02-13T19:03:21.259000Z,,2026-02-13T19:03:21.865121Z,26,NOCODE,6046,English,Undergraduate degree (BA/BSc/other),42,Female,Mixed,United States,United States,United States,English,No,Full-Time,Bachelor's degree,Yes,No,No,Yes
698f75f161f27ff0ea9d54ad,5c3d504ede04ad0001d8be54,AWAITING REVIEW,Not Applicable,2026-02-13T19:05:23.896000Z,2026-02-13T19:06:05.158000Z,,2026-02-13T19:06:05.788854Z,42,NOCODE,6019,English,Graduate degree (MA/MSc/MPhil/other),43,Female,White,United States,United States,United States,English,No,Full-Time,Master's degree,Yes,No,No,Yes
698f794e7e09f29cd4935603,6680de3494e4607dcf95530d,AWAITING REVIEW,Not Applicable,2026-02-13T19:19:44.207000Z,2026-02-13T19:20:01.153000Z,,2026-02-13T19:20:01.758772Z,17,NOCODE,5877,"English, Spanish",Doctorate degree (PhD/other),32,Male,White,United States,United States,United States,English,No,Full-Time,Master's degree,Yes,No,No,Yes
698f77ab0d1a60e9f1d7a659,62ac706d8544dbe5a81b4212,AWAITING REVIEW,Not Applicable,2026-02-13T19:12:45.841000Z,2026-02-13T19:13:05.616000Z,,2026-02-13T19:13:06.245024Z,20,NOCODE,5855,English,Undergraduate degree (BA/BSc/other),32,Female,White,United States,United States,United States,English,No,Full-Time,Bachelor's degree,Yes,No,No,Yes
698f7a3d30081a4e44afc9be,66ecded667f721bca7e5609d,AWAITING REVIEW,Not Applicable,2026-02-13T19:23:43.724000Z,2026-02-13T19:24:09.290000Z,,2026-02-13T19:24:09.843033Z,26,NOCODE,5774,English,Technical/community college,33,Male,White,United States,United States,United States,English,No,Full-Time,Associate degree,Yes,No,No,Yes
698f7392958382ab746e65e3,644bc265cb8a19eab3311bab,AWAITING REVIEW,Not Applicable,2026-02-13T18:55:17.792000Z,2026-02-13T18:55:51.635000Z,,2026-02-13T18:55:52.214863Z,34,NOCODE,5664,English,Graduate degree (MA/MSc/MPhil/other),52,Female,White,United States,United States,United States,English,DATA_EXPIRED,DATA_EXPIRED,Master's degree,Yes,No,No,Yes
698f812f4d1934a4d0d7485d,6040558e6700552508a8f9b5,AWAITING REVIEW,Not Applicable,2026-02-13T19:53:22.209000Z,2026-02-13T19:53:42.742000Z,,2026-02-13T19:53:43.388428Z,21,NOCODE,5625,English,Technical/community college,39,Male,White,United States,United States,United States,English,No,Full-Time,Associate degree,Yes,No,No,Yes
698f78f499a6206bc78e01c7,5d93b788fdfe9d001c00c255,AWAITING REVIEW,Not Applicable,2026-02-13T19:18:15.027000Z,2026-02-13T19:18:29.999000Z,,2026-02-13T19:18:30.585435Z,15,NOCODE,5402,English,Doctorate degree (PhD/other),46,Female,White,United States,United States,United States,English,DATA_EXPIRED,Full-Time,Doctorate degree,Yes,No,No,Yes
698f745cf038df524d4293d0,64717245e1df4e34c97cca3f,AWAITING REVIEW,Not Applicable,2026-02-13T18:58:38.748000Z,2026-02-13T18:58:55.944000Z,,2026-02-13T18:58:56.660249Z,18,NOCODE,4762,English,Undergraduate degree (BA/BSc/other),66,Female,White,United States,United States,United States,English,No,Full-Time,Bachelor's degree,Yes,No,No,Yes
698f764129ab420d455cd30a,65fa95fafeda35caf378b6f9,AWAITING REVIEW,Not Applicable,2026-02-13T19:06:44.063000Z,2026-02-13T19:07:01.576000Z,,2026-02-13T19:07:02.149137Z,18,NOCODE,4550,English,Undergraduate degree (BA/BSc/other),23,Male,White,United States,United States,United States,English,No,Unemployed (and job seeking),Bachelor's degree,Yes,No,No,Yes
698f74c28c0f39bb42d74810,66b01097e95b0626c2cd7b5c,AWAITING REVIEW,Not Applicable,2026-02-13T19:00:22.497000Z,2026-02-13T19:00:51.836000Z,,2026-02-13T19:00:52.397450Z,30,NOCODE,4512,"English, Spanish",Graduate degree (MA/MSc/MPhil/other),27,Male,Mixed,United States,United States,United States,Spanish,Yes,Full-Time,Master's degree,Yes,No,No,Yes
698f75619b8b40b8d3ac537f,5671927473f58b000d664293,AWAITING REVIEW,Not Applicable,2026-02-13T19:02:59.485000Z,2026-02-13T19:03:23.871000Z,,2026-02-13T19:03:24.435868Z,25,NOCODE,4424,English,Undergraduate degree (BA/BSc/other),34,Female,White,United States,United States,United States,English,No,DATA_EXPIRED,Bachelor's degree,Yes,No,No,Yes
698f76c54d3b175bb82fbcba,6630f318d0d884cf785e436f,AWAITING REVIEW,Not Applicable,2026-02-13T19:08:58.069000Z,2026-02-13T19:09:14.872000Z,,2026-02-13T19:09:15.482705Z,17,NOCODE,4279,"English, Hindi",Graduate degree (MA/MSc/MPhil/other),33,Male,Asian,India,United States,United States,English,No,Full-Time,Master's degree,Yes,No,No,Yes
698f7335eed449eda340c0b9,5b8dbff00c740e00019d861a,AWAITING REVIEW,Not Applicable,2026-02-13T18:53:44.111000Z,2026-02-13T18:54:06.860000Z,,2026-02-13T18:54:07.506157Z,23,NOCODE,3790,English,Graduate degree (MA/MSc/MPhil/other),31,Female,White,United States,United States,United States,English,No,Full-Time,Master's degree,Yes,No,No,Yes
698f73035874c06aec6e65e4,663ae3f35b81791c40865be5,AWAITING REVIEW,Not Applicable,2026-02-13T18:52:53.686000Z,2026-02-13T18:53:08.744000Z,,2026-02-13T18:53:10.028799Z,16,NOCODE,3725,English,Technical/community college,39,Female,White,United States,United States,United States,English,No,Part-Time,Associate degree,Yes,No,No,Yes
698f739413ed1fbc48c5f722,67915007d6208ae2bf005724,AWAITING REVIEW,Not Applicable,2026-02-13T18:55:18.871000Z,2026-02-13T18:55:36.118000Z,,2026-02-13T18:55:36.763019Z,18,NOCODE,3597,English,Undergraduate degree (BA/BSc/other),26,Male,White,United States,United States,United States,English,DATA_EXPIRED,DATA_EXPIRED,Bachelor's degree,Yes,No,No,Yes
698f72981aa257914baa3d0e,66cd3c7227a5bb57f0d5c08e,AWAITING REVIEW,Not Applicable,2026-02-13T18:51:06.879000Z,2026-02-13T18:51:30.659000Z,,2026-02-13T18:51:31.250279Z,24,NOCODE,3554,"English, Hindi",Graduate degree (MA/MSc/MPhil/other),41,Female,Asian,India,United States,United States,English,DATA_EXPIRED,DATA_EXPIRED,Master's degree,Yes,No,No,Yes
698f737fd5bbbc19da707bb1,63ecf8c3796bf9efcf715050,AWAITING REVIEW,Not Applicable,2026-02-13T18:54:57.673000Z,2026-02-13T18:55:34.029000Z,,2026-02-13T18:55:34.578987Z,37,NOCODE,3549,"Gaelic, English",Technical/community college,53,Female,White,United States,United States,United States,English,No,Part-Time,Associate degree,Yes,No,No,Yes
698f76d8942acc0091fdc1c6,5f111456d672e8471ca03f46,AWAITING REVIEW,Not Applicable,2026-02-13T19:09:14.827000Z,2026-02-13T19:09:56.791000Z,,2026-02-13T19:09:57.378733Z,42,NOCODE,3491,English,Undergraduate degree (BA/BSc/other),39,Female,Black,United States,United States,United States,English,No,Unemployed (and job seeking),Bachelor's degree,Yes,No,No,Yes
698f790502754c248c0c75fb,63fd545c9e693441916712ff,AWAITING REVIEW,Not Applicable,2026-02-13T19:18:31.848000Z,2026-02-13T19:18:50.244000Z,,2026-02-13T19:18:50.856427Z,19,NOCODE,3405,English,Doctorate degree (PhD/other),66,Male,White,United States,United States,United States,English,No,Full-Time,Professional degree,Yes,No,No,Yes
698f7da8c763901271eb8941,667480a37068f7b381b534b6,AWAITING REVIEW,Not Applicable,2026-02-13T19:38:18.952000Z,2026-02-13T19:38:42.670000Z,,2026-02-13T19:38:43.241427Z,24,NOCODE,3231,English,Technical/community college,48,Male,White,United States,United States,United States,English,No,Full-Time,Associate degree,Yes,No,No,Yes
698f72009ae9f1580728690f,5aa485b11eda41000136c94b,AWAITING REVIEW,Not Applicable,2026-02-13T18:48:34.306000Z,2026-02-13T18:49:02.383000Z,,2026-02-13T18:49:03.303331Z,29,NOCODE,2838,English,Graduate degree (MA/MSc/MPhil/other),38,Female,Asian,United States,United States,United States,English,No,DATA_EXPIRED,Master's degree,Yes,No,No,Yes
698f71efaa28abccd11763ea,5ba9873edd59150001384069,AWAITING REVIEW,Not Applicable,2026-02-13T18:48:17.687000Z,2026-02-13T18:48:32.207000Z,,2026-02-13T18:48:32.809184Z,15,NOCODE,2600,English,Undergraduate degree (BA/BSc/other),29,Male,White,United States,United States,United States,English,No,Full-Time,Bachelor's degree,Yes,No,No,Yes
698f81eb9d179e2142b7057b,668daf8a84e02559e61278e2,AWAITING REVIEW,Not Applicable,2026-02-13T19:56:29.670000Z,2026-02-13T19:56:58.732000Z,,2026-02-13T19:56:59.355315Z,30,NOCODE,2578,English,Technical/community college,45,Female,White,United States,United States,United States,English,No,Part-Time,Associate degree,Yes,No,No,Yes
698f720a4bdb773cd3703f5e,66889eb9573ca69b3ff84d9d,AWAITING REVIEW,Not Applicable,2026-02-13T18:48:45.171000Z,2026-02-13T18:49:26.373000Z,,2026-02-13T18:49:26.955243Z,42,NOCODE,2358,English,Technical/community college,47,Male,White,United States,United States,United States,English,No,Part-Time,Associate degree,Yes,No,No,Yes
698f78a0a27f3f4af74eb521,6673b4eda8e00bb0eb8c23af,AWAITING REVIEW,Not Applicable,2026-02-13T19:16:51.026000Z,2026-02-13T19:17:05.627000Z,,2026-02-13T19:17:06.254876Z,15,NOCODE,2049,English,Technical/community college,30,Male,White,United States,United States,United States,English,No,Full-Time,Associate degree,Yes,No,No,Yes
698f7597080862a34fd1f9ad,60fcc292d13ae9614d4a77a7,AWAITING REVIEW,Not Applicable,2026-02-13T19:03:53.434000Z,2026-02-13T19:04:09.753000Z,,2026-02-13T19:04:10.407318Z,17,NOCODE,2000,English,Graduate degree (MA/MSc/MPhil/other),24,Female,White,United States,United States,United States,English,No,Full-Time,Master's degree,Yes,No,No,Yes
